	ancestor	descendant	pfam	desc_seq_len	alignment_len	logP	logP/normlength	perplexity	dataloader_idx
6	A0A1I7VY79_LOALO/341-1239	CYFIP_CAEEL/340-1231	PF05994	893	907	-4323.4795	-4.841522	0.007895027	6
5	F6S0T7_CIOIN/77-957	B3S9J3_TRIAD/339-1220	PF05994	883	888	-4630.8574	-5.244459	0.005276675	5
4	W5JY46_ASTMX/144-1014	G1KML3_ANOCA/341-1222	PF05994	883	886	-3767.5586	-4.266771	0.014027005	4
0	A0A0D2WGK4_CAPO3/339-1218	PIRA_DICDI/346-1227	PF05994	883	903	-5008.9834	-5.672688	0.00343861	0
3	A9UZ01_MONBE/342-1222	F2TVC6_SALR5/343-1227	PF05994	886	891	-4574.6196	-5.1632276	0.005723198	3
1	A2DWE1_TRIV3/346-1191	A2G4W8_TRIV3/350-1216	PF05994	868	880	-5151.621	-5.935047	0.0026450981	1
2	A2DEP2_TRIV3/325-1180	A2EU15_TRIV3/355-1206	PF05994	853	917	-5531.457	-6.4847093	0.0015266045	2
