	original_idx	pairID	ancestor	descendant	TREEDIST_anc-to-root	TREEDIST_desc-to-root	TREEDIST_stem-to-Root	TREEDIST_anc-to-desc	perc_seq_id	pfam	pfam_Nseqs	type	clan	anc_seq_len	desc_seq_len	alignment_len	num_matches	num_ins	num_del
0	515997	FW_PT18_PID009876	SPIKE_BEV/28-1550	SPIKE_BRV1/28-1552	0.10682	0.15421	0.0	0.26103	0.7754432042022325	PF17072	12	Family	CL0595	1523	1525	1534	1514	11	9
1	594841	FW_PT23_PID001071	A0A2T3AT44_AMORE/36-108	A0A370TIG5_9HELO/44-117	0.4224699999999999	0.3053099999999998	0.1507899999999999	0.4261999999999999	0.684931506849315	PF20976	76	Family	CL0734	73	74	74	73	1	0
