	original_idx	pairID	ancestor	descendant	TREEDIST_anc-to-root	TREEDIST_desc-to-root	TREEDIST_stem-to-Root	TREEDIST_anc-to-desc	perc_seq_id	pfam	pfam_Nseqs	type	clan	anc_seq_len	desc_seq_len	alignment_len	num_matches	num_ins	num_del
3	272454	FW_PT6_PID009075	A0A0D2WGK4_CAPO3/339-1218	PIRA_DICDI/346-1227	1.4754899999999995	1.48039	0.7859799999999999	1.3839199999999998	0.3977272727272727	PF05994	24	Family	CL0715	880	882	902	860	22	20
4	272455	FW_PT6_PID009076	A2DWE1_TRIV3/346-1191	A2G4W8_TRIV3/350-1216	3.64497	3.68896	2.80045	1.73303	0.3144208037825059	PF05994	24	Family	CL0715	846	867	879	834	33	12
5	272456	FW_PT6_PID009077	A2DEP2_TRIV3/325-1180	A2EU15_TRIV3/355-1206	3.00753	3.27301	2.05229	2.17596	0.2640845070422535	PF05994	24	Family	CL0715	856	852	916	792	60	64
6	272457	FW_PT6_PID009078	A9UZ01_MONBE/342-1222	F2TVC6_SALR5/343-1227	1.09157	1.16782	0.71704	0.82531	0.5232690124858116	PF05994	24	Family	CL0715	881	885	890	876	9	5
7	272458	FW_PT6_PID009079	W5JY46_ASTMX/144-1014	G1KML3_ANOCA/341-1222	0.32305	0.4704899999999999	0.26641	0.26072	0.78300803673938	PF05994	24	Family	CL0715	871	882	885	868	14	3
8	272459	FW_PT6_PID009080	F6S0T7_CIOIN/77-957	B3S9J3_TRIAD/339-1220	0.32104	0.84545	0.07787	1.01075	0.4903518728717366	PF05994	24	Family	CL0715	881	882	887	876	6	5
9	272460	FW_PT6_PID009081	A0A1I7VY79_LOALO/341-1239	CYFIP_CAEEL/340-1231	0.58894	0.7862199999999999	0.39751	0.58014	0.6109865470852018	PF05994	24	Family	CL0715	899	892	906	885	7	14
