	original_idx	pairID	ancestor	descendant	TREEDIST_anc-to-root	TREEDIST_desc-to-root	TREEDIST_stem-to-Root	TREEDIST_anc-to-desc	perc_seq_id	pfam	pfam_Nseqs	type	clan	anc_seq_len	desc_seq_len	alignment_len	num_matches	num_ins	num_del
1	272452	FW_PT6_PID009073	I1NCF6_SOYBN/349-1239	B9S7R0_RICCO/23-919	2.10212	2.07903	2.00238	0.17639	0.8451178451178452	PF05994	24	Family	CL0715	891	897	902	886	11	5
2	272453	FW_PT6_PID009074	U5CR85_AMBTC/1-880	M4CQG8_BRARP/340-1232	1.92199	2.08768	1.77592	0.4578299999999999	0.6647727272727273	PF05994	24	Family	CL0715	880	893	908	865	28	15
