	original_idx	pairID	ancestor	descendant	TREEDIST_anc-to-root	TREEDIST_desc-to-root	TREEDIST_stem-to-Root	TREEDIST_anc-to-desc	perc_seq_id	pfam	pfam_Nseqs	type	clan	anc_seq_len	desc_seq_len	alignment_len	num_matches	num_ins	num_del
180	114640	FW_PT2_PID006849	C4R600_KOMPG/7-126	K0L0Z2_WICCF/7-128	1.45931	1.55217	0.8661800000000001	1.27912	0.4416666666666666	PF01900	194	Family	CL0734	120	122	127	115	7	5
181	114641	FW_PT2_PID006850	G8Y6F1_PICSO/7-140	C4Y411_CLAL4/7-139	1.34418	1.50862	1.03558	0.78164	0.5639097744360902	PF01900	194	Family	CL0734	134	133	135	132	1	2
